threshold,strategy,net_benefit
0.01,treat_none,0.0
0.01,treat_all,0.2588383838383838
0.01,tabular_only,0.2588383838383838
0.01,fixed_weight,0.2588383838383838
0.01,learned_gate,0.2588383838383838
0.01,LACE,0.2588383838383838
0.01,HOSPITAL,0.2588383838383838
0.02,treat_none,0.0
0.02,treat_all,0.2512755102040816
0.02,tabular_only,0.2512755102040816
0.02,fixed_weight,0.2512755102040816
0.02,learned_gate,0.2512755102040816
0.02,LACE,0.2512755102040816
0.02,HOSPITAL,0.2512755102040816
0.03,treat_none,0.0
0.03,treat_all,0.24355670103092783
0.03,tabular_only,0.24355670103092783
0.03,fixed_weight,0.24355670103092783
0.03,learned_gate,0.24355670103092783
0.03,LACE,0.24355670103092783
0.03,HOSPITAL,0.23320876288659795
0.04,treat_none,0.0
0.04,treat_all,0.23567708333333331
0.04,tabular_only,0.23567708333333331
0.04,fixed_weight,0.23567708333333331
0.04,learned_gate,0.23567708333333331
0.04,LACE,0.23567708333333331
0.04,HOSPITAL,0.22585937500000003
0.05,treat_none,0.0
0.05,treat_all,0.2276315789473684
0.05,tabular_only,0.2276315789473684
0.05,fixed_weight,0.2276315789473684
0.05,learned_gate,0.2276315789473684
0.05,LACE,0.22253289473684207
0.05,HOSPITAL,0.1893421052631579
0.060000000000000005,treat_none,0.0
0.060000000000000005,treat_all,0.21941489361702127
0.060000000000000005,tabular_only,0.21941489361702127
0.060000000000000005,fixed_weight,0.21941489361702127
0.060000000000000005,learned_gate,0.21941489361702127
0.060000000000000005,LACE,0.21482712765957446
0.060000000000000005,HOSPITAL,0.18361702127659574
0.06999999999999999,treat_none,0.0
0.06999999999999999,treat_all,0.21102150537634407
0.06999999999999999,tabular_only,0.21102150537634407
0.06999999999999999,fixed_weight,0.21102150537634407
0.06999999999999999,learned_gate,0.21102150537634407
0.06999999999999999,LACE,0.2038844086021505
0.06999999999999999,HOSPITAL,0.17776881720430107
0.08,treat_none,0.0
0.08,treat_all,0.20244565217391303
0.08,tabular_only,0.20244565217391303
0.08,fixed_weight,0.20244565217391303
0.08,learned_gate,0.20244565217391303
0.08,LACE,0.19614130434782606
0.08,HOSPITAL,0.15989130434782609
0.09,treat_none,0.0
0.09,treat_all,0.19368131868131866
0.09,tabular_only,0.19368131868131866
0.09,fixed_weight,0.19368131868131866
0.09,learned_gate,0.19368131868131866
0.09,LACE,0.18638736263736266
0.09,HOSPITAL,0.15489697802197802
0.09999999999999999,treat_none,0.0
0.09999999999999999,treat_all,0.18472222222222223
0.09999999999999999,tabular_only,0.18472222222222223
0.09999999999999999,fixed_weight,0.18472222222222223
0.09999999999999999,learned_gate,0.18472222222222223
0.09999999999999999,LACE,0.17861111111111114
0.09999999999999999,HOSPITAL,0.14979166666666668
0.11,treat_none,0.0
0.11,treat_all,0.17556179775280897
0.11,tabular_only,0.17556179775280897
0.11,fixed_weight,0.17509129213483146
0.11,learned_gate,0.17556179775280897
0.11,LACE,0.1706601123595506
0.11,HOSPITAL,0.14457162921348315
0.12,treat_none,0.0
0.12,treat_all,0.16619318181818182
0.12,tabular_only,0.16619318181818182
0.12,fixed_weight,0.16590909090909092
0.12,learned_gate,0.16619318181818182
0.12,LACE,0.15269886363636365
0.12,HOSPITAL,0.10190340909090909
0.13,treat_none,0.0
0.13,treat_all,0.15660919540229884
0.13,tabular_only,0.15660919540229884
0.13,fixed_weight,0.15645114942528737
0.13,learned_gate,0.15660919540229884
0.13,LACE,0.14547413793103448
0.13,HOSPITAL,0.09879310344827585
0.14,treat_none,0.0
0.14,treat_all,0.14680232558139533
0.14,tabular_only,0.14680232558139533
0.14,fixed_weight,0.14678779069767442
0.14,learned_gate,0.14680232558139533
0.14,LACE,0.1380813953488372
0.14,HOSPITAL,0.09561046511627906
0.15000000000000002,treat_none,0.0
0.15000000000000002,treat_all,0.1367647058823529
0.15000000000000002,tabular_only,0.1367647058823529
0.15000000000000002,fixed_weight,0.13702205882352939
0.15000000000000002,learned_gate,0.1367647058823529
0.15000000000000002,LACE,0.13051470588235292
0.15000000000000002,HOSPITAL,0.09235294117647058
0.16,treat_none,0.0
0.16,treat_all,0.1264880952380952
0.16,tabular_only,0.1264880952380952
0.16,fixed_weight,0.1269345238095238
0.16,learned_gate,0.1264880952380952
0.16,LACE,0.11017857142857142
0.16,HOSPITAL,0.08901785714285713
0.17,treat_none,0.0
0.17,treat_all,0.11596385542168672
0.17,tabular_only,0.11596385542168672
0.17,fixed_weight,0.11637801204819279
0.17,learned_gate,0.11596385542168672
0.17,LACE,0.1036972891566265
0.17,HOSPITAL,0.0856024096385542
0.18000000000000002,treat_none,0.0
0.18000000000000002,treat_all,0.10518292682926825
0.18000000000000002,tabular_only,0.10518292682926825
0.18000000000000002,fixed_weight,0.10599085365853658
0.18000000000000002,learned_gate,0.10518292682926825
0.18000000000000002,LACE,0.09705792682926828
0.18000000000000002,HOSPITAL,0.08210365853658536
0.19,treat_none,0.0
0.19,treat_all,0.0941358024691358
0.19,tabular_only,0.0941358024691358
0.19,fixed_weight,0.09567129629629631
0.19,learned_gate,0.0941358024691358
0.19,LACE,0.09025462962962964
0.19,HOSPITAL,0.063070987654321
0.2,treat_none,0.0
0.2,treat_all,0.08281249999999998
0.2,tabular_only,0.08281249999999998
0.2,fixed_weight,0.08437500000000003
0.2,learned_gate,0.08281249999999998
0.2,LACE,0.08328125
0.2,HOSPITAL,0.06109375
0.21000000000000002,treat_none,0.0
0.21000000000000002,treat_all,0.07120253164556958
0.21000000000000002,tabular_only,0.07120253164556958
0.21000000000000002,fixed_weight,0.07414556962025318
0.21000000000000002,learned_gate,0.07120253164556958
0.21000000000000002,LACE,0.07223101265822784
0.21000000000000002,HOSPITAL,0.05906645569620253
0.22,treat_none,0.0
0.22,treat_all,0.05929487179487178
0.22,tabular_only,0.05929487179487178
0.22,fixed_weight,0.062259615384615385
0.22,learned_gate,0.05929487179487178
0.22,LACE,0.06618589743589745
0.22,HOSPITAL,0.05698717948717949
0.23,treat_none,0.0
0.23,treat_all,0.04707792207792208
0.23,tabular_only,0.04707792207792208
0.23,fixed_weight,0.051112012987012956
0.23,learned_gate,0.0466396103896104
0.23,LACE,0.05998376623376625
0.23,HOSPITAL,0.054853896103896106
0.24000000000000002,treat_none,0.0
0.24000000000000002,treat_all,0.03453947368421048
0.24000000000000002,tabular_only,0.03473684210526312
0.24000000000000002,fixed_weight,0.03851973684210522
0.24000000000000002,learned_gate,0.03490131578947367
0.24000000000000002,LACE,0.05361842105263158
0.24000000000000002,HOSPITAL,0.052664473684210525
0.25,treat_none,0.0
0.25,treat_all,0.021666666666666667
0.25,tabular_only,0.021874999999999978
0.25,fixed_weight,0.026041666666666685
0.25,learned_gate,0.022083333333333344
0.25,LACE,0.04708333333333335
0.25,HOSPITAL,0.05041666666666667
0.26,treat_none,0.0
0.26,treat_all,0.008445945945945887
0.26,tabular_only,0.008885135135135114
0.26,fixed_weight,0.013108108108108057
0.26,learned_gate,0.010962837837837858
0.26,LACE,0.04037162162162164
0.26,HOSPITAL,0.04810810810810811
0.27,treat_none,0.0
0.27,treat_all,-0.0051369863013698835
0.27,tabular_only,-0.004375000000000018
0.27,fixed_weight,0.0005650684931506333
0.27,learned_gate,0.001883561643835574
0.27,LACE,0.03530821917808219
0.27,HOSPITAL,0.036566780821917805
0.28,treat_none,0.0
0.28,treat_all,-0.019097222222222265
0.28,tabular_only,-0.016319444444444497
0.28,fixed_weight,-0.012256944444444529
0.28,learned_gate,-0.002881944444444451
0.28,LACE,0.030694444444444427
0.28,HOSPITAL,0.035104166666666665
0.29000000000000004,treat_none,0.0
0.29000000000000004,treat_all,-0.03345070422535218
0.29000000000000004,tabular_only,-0.029198943661971843
0.29000000000000004,fixed_weight,-0.025325704225352186
0.29000000000000004,learned_gate,-0.007702464788732405
0.29000000000000004,LACE,0.025950704225352103
0.29000000000000004,HOSPITAL,0.033600352112676056
0.3,treat_none,0.0
0.3,treat_all,-0.048214285714285765
0.3,tabular_only,-0.04232142857142862
0.3,fixed_weight,-0.0416071428571429
0.3,learned_gate,0.0024999999999999745
0.3,LACE,0.02107142857142856
0.3,HOSPITAL,0.03205357142857143
0.31,treat_none,0.0
0.31,treat_all,-0.06340579710144933
0.31,tabular_only,-0.04797101449275365
0.31,fixed_weight,-0.05144927536231886
0.31,learned_gate,0.004565217391304305
0.31,LACE,0.016050724637681146
0.31,HOSPITAL,0.03046195652173913
0.32,treat_none,0.0
0.32,treat_all,-0.07904411764705888
0.32,tabular_only,-0.0571691176470589
0.32,fixed_weight,-0.06158088235294115
0.32,learned_gate,0.0063235294117647
0.32,LACE,0.010882352941176468
0.32,HOSPITAL,0.028823529411764706
0.33,treat_none,0.0
0.33,treat_all,-0.09514925373134336
0.33,tabular_only,-0.06762126865671647
0.33,fixed_weight,-0.07547574626865675
0.33,learned_gate,0.00374067164179101
0.33,LACE,0.005559701492537289
0.33,HOSPITAL,0.027136194029850742
0.34,treat_none,0.0
0.34,treat_all,-0.11174242424242431
0.34,tabular_only,-0.07554924242424255
0.34,fixed_weight,-0.08619318181818189
0.34,learned_gate,0.009999999999999981
0.34,LACE,0.017556818181818173
0.34,HOSPITAL,0.025397727272727266
0.35000000000000003,treat_none,0.0
0.35000000000000003,treat_all,-0.12884615384615394
0.35000000000000003,tabular_only,-0.08158653846153852
0.35000000000000003,fixed_weight,-0.09855769230769237
0.35000000000000003,learned_gate,0.01350961538461537
0.35000000000000003,LACE,0.014759615384615371
0.35000000000000003,HOSPITAL,0.02360576923076923
0.36000000000000004,treat_none,0.0
0.36000000000000004,treat_all,-0.1464843750000001
0.36000000000000004,tabular_only,-0.08625000000000005
0.36000000000000004,fixed_weight,-0.11007812500000005
0.36000000000000004,learned_gate,0.020312499999999983
0.36000000000000004,LACE,0.011874999999999997
0.36000000000000004,HOSPITAL,0.021757812499999994
0.37,treat_none,0.0
0.37,treat_all,-0.1646825396825397
0.37,tabular_only,-0.09433531746031742
0.37,fixed_weight,-0.11857142857142858
0.37,learned_gate,0.026984126984126985
0.37,LACE,0.008898809523809531
0.37,HOSPITAL,0.01985119047619048
0.38,treat_none,0.0
0.38,treat_all,-0.18346774193548387
0.38,tabular_only,-0.09169354838709681
0.38,fixed_weight,-0.12465725806451611
0.38,learned_gate,0.02752016129032258
0.38,LACE,0.0058266129032258085
0.38,HOSPITAL,0.014495967741935487
0.39,treat_none,0.0
0.39,treat_all,-0.20286885245901642
0.39,tabular_only,-0.09595286885245902
0.39,fixed_weight,-0.13621926229508197
0.39,learned_gate,0.024190573770491802
0.39,LACE,0.0026536885245901642
0.39,HOSPITAL,0.013719262295081969
0.4,treat_none,0.0
0.4,treat_all,-0.22291666666666676
0.4,tabular_only,-0.10000000000000003
0.4,fixed_weight,-0.13687500000000008
0.4,learned_gate,0.018958333333333327
0.4,LACE,-0.0006250000000000006
0.4,HOSPITAL,0.012916666666666667
0.41000000000000003,treat_none,0.0
0.41000000000000003,treat_all,-0.2436440677966102
0.41000000000000003,tabular_only,-0.10174788135593221
0.41000000000000003,fixed_weight,-0.14132415254237288
0.41000000000000003,learned_gate,0.018421610169491526
0.41000000000000003,LACE,-0.004014830508474579
0.41000000000000003,HOSPITAL,0.012086864406779661
0.42000000000000004,treat_none,0.0
0.42000000000000004,treat_all,-0.2650862068965518
0.42000000000000004,tabular_only,-0.09887931034482764
0.42000000000000004,fixed_weight,-0.13771551724137937
0.42000000000000004,learned_gate,0.013254310344827581
0.42000000000000004,LACE,-0.0036422413793103445
0.42000000000000004,HOSPITAL,0.011228448275862068
0.43,treat_none,0.0
0.43,treat_all,-0.2872807017543859
0.43,tabular_only,-0.09141447368421055
0.43,fixed_weight,-0.13122807017543853
0.43,learned_gate,0.012423245614035086
0.43,LACE,-0.005778508771929813
0.43,HOSPITAL,0.01033991228070176
0.44,treat_none,0.0
0.44,treat_all,-0.3102678571428572
0.44,tabular_only,-0.08562499999999995
0.44,fixed_weight,-0.12986607142857143
0.44,learned_gate,0.009285714285714284
0.44,LACE,-0.007991071428571424
0.44,HOSPITAL,0.009419642857142859
0.45,treat_none,0.0
0.45,treat_all,-0.3340909090909091
0.45,tabular_only,-0.08011363636363633
0.45,fixed_weight,-0.12261363636363637
0.45,learned_gate,0.004943181818181819
0.45,LACE,-0.010284090909090896
0.45,HOSPITAL,0.008465909090909097
0.46,treat_none,0.0
0.46,treat_all,-0.3587962962962963
0.46,tabular_only,-0.07768518518518519
0.46,fixed_weight,-0.12277777777777779
0.46,learned_gate,0.003425925925925926
0.46,LACE,-0.012662037037037034
0.46,HOSPITAL,0.007476851851851853
0.47000000000000003,treat_none,0.0
0.47000000000000003,treat_all,-0.38443396226415094
0.47000000000000003,tabular_only,-0.07525943396226417
0.47000000000000003,fixed_weight,-0.11761792452830189
0.47000000000000003,learned_gate,0.0023702830188679245
0.47000000000000003,LACE,-0.015129716981132066
0.47000000000000003,HOSPITAL,0.006450471698113209
0.48000000000000004,treat_none,0.0
0.48000000000000004,treat_all,-0.4110576923076924
0.48000000000000004,tabular_only,-0.06980769230769232
0.48000000000000004,fixed_weight,-0.11543269230769229
0.48000000000000004,learned_gate,0.002019230769230769
0.48000000000000004,LACE,-0.017692307692307688
0.48000000000000004,HOSPITAL,0.005384615384615387
0.49,treat_none,0.0
0.49,treat_all,-0.4387254901960784
0.49,tabular_only,-0.06202205882352939
0.49,fixed_weight,-0.10479166666666664
0.49,learned_gate,0.0012745098039215687
0.49,LACE,-0.02035539215686273
0.49,HOSPITAL,0.004276960784313732
